date,population_group,returned_from_housing,newly_identified,actively_homeless,age_under16,age_16_24,age_25_44,age_45_64,age_65over,gender_male,gender_female
Jan-18,All Population,46,1106,7958,1233,1111,2901,2291,422,4963,2912
Jan-18,Chronic,11,317,2532,223,346,716,1000,247,1632,870
Jan-18,Refugees,4,651,2408,914,241,961,270,22,1219,1177
Jan-18,Families,0,561,2277,1232,187,687,153,18,968,1308
Jan-18,Youth,12,116,924,0,924,0,0,0,571,312
Jan-18,Single Adult,34,429,4757,0,0,2214,2138,404,3424,1292
Jan-18,Non-refugees,42,455,5550,319,870,1940,2021,400,3744,1735
Feb-18,All Population,78,947,8132,1271,1094,2971,2364,432,5093,2959
Feb-18,Chronic,11,217,2541,202,362,707,1017,253,1652,862
Feb-18,Refugees,8,490,2491,965,253,951,303,19,1264,1214
Feb-18,Families,4,435,2336,1268,197,688,167,16,1007,1328
Feb-18,Youth,19,91,893,0,893,0,0,0,556,301
Feb-18,Single Adult,55,421,4903,0,0,2283,2197,416,3530,1330
Feb-18,Non-refugees,70,457,5641,306,841,2020,2061,413,3829,1745
Mar-18,All Population,64,1226,8607,1414,1115,3214,2429,435,5389,3133
Mar-18,Chronic,11,327,2614,226,377,728,1026,257,1696,889
Mar-18,Refugees,11,715,2826,1121,250,1102,331,22,1416,1392
Mar-18,Families,7,651,2636,1412,210,811,192,11,1141,1495
Mar-18,Youth,17,99,905,0,905,0,0,0,573,291
Mar-18,Single Adult,40,476,5066,0,0,2403,2237,424,3675,1347
Mar-18,Non-refugees,53,511,5781,293,865,2112,2098,413,3973,1741
Apr-18,All Population,59,1305,9033,1615,1126,3377,2459,456,5631,3312
Apr-18,Chronic,10,328,2653,236,381,755,1023,258,1716,901
Apr-18,Refugees,2,812,3170,1321,258,1218,351,22,1562,1590
Apr-18,Families,8,747,2953,1613,217,918,192,13,1273,1680
Apr-18,Youth,18,100,909,0,909,0,0,0,573,293
Apr-18,Single Adult,33,458,5171,0,0,2459,2267,443,3785,1339
Apr-18,Non-refugees,57,493,5863,294,868,2159,2108,434,4069,1722
May-18,All Population,50,1469,9516,1830,1153,3590,2487,456,5838,3583
May-18,Chronic,14,269,2697,242,376,768,1050,261,1731,933
May-18,Refugees,3,995,3694,1552,290,1442,386,24,1802,1876
May-18,Families,3,825,3350,1828,231,1059,221,11,1414,1934
May-18,Youth,10,120,921,0,921,0,0,0,570,305
May-18,Single Adult,37,524,5245,0,0,2531,2266,445,3854,1344
May-18,Non-refugees,47,474,5822,278,863,2148,2101,432,4036,1707
Jun-18,All Population,56,1333,9823,1937,1217,3703,2505,461,5957,3765
Jun-18,Chronic,17,316,2725,272,381,778,1041,253,1742,946
Jun-18,Refugees,6,777,3947,1639,323,1546,410,29,1933,1998
Jun-18,Families,7,686,3568,1937,265,1120,235,11,1510,2056
Jun-18,Youth,18,123,950,0,950,0,0,0,578,321
Jun-18,Single Adult,31,524,5305,0,0,2583,2270,450,3869,1388
Jun-18,Non-refugees,50,556,5876,298,894,2157,2095,432,4024,1767
Jul-18,All Population,73,1156,9602,1835,1213,3651,2446,457,5809,3697
Jul-18,Chronic,18,376,2791,302,384,812,1039,254,1760,994
Jul-18,Refugees,13,627,3725,1499,327,1478,391,30,1823,1886
Jul-18,Families,16,600,3387,1831,259,1058,227,12,1414,1972
Jul-18,Youth,12,115,953,0,953,0,0,0,579,323
Jul-18,Single Adult,45,441,5262,0,0,2593,2219,445,3816,1402
Jul-18,Non-refugees,60,529,5877,336,886,2173,2055,427,3986,1811
Aug-18,All Population,79,1214,9557,1810,1223,3604,2458,462,5763,3701
Aug-18,Chronic,14,299,2766,281,371,815,1030,269,1762,971
Aug-18,Refugees,9,634,3602,1413,333,1424,408,24,1765,1824
Aug-18,Families,14,670,3411,1806,289,1059,243,14,1417,1994
Aug-18,Youth,16,122,934,0,934,0,0,0,555,327
Aug-18,Single Adult,49,422,5212,0,0,2545,2215,448,3791,1380
Aug-18,Non-refugees,70,580,5955,397,890,2180,2050,438,3998,1877
Sep-18,All Population,56,1204,9341,1721,1171,3477,2507,465,5696,3564
Sep-18,Chronic,13,327,2716,244,362,803,1045,262,1735,946
Sep-18,Refugees,17,648,3304,1272,326,1300,383,23,1657,1636
Sep-18,Families,11,646,3221,1720,284,963,241,13,1362,1859
Sep-18,Youth,10,92,886,0,886,0,0,0,514,327
Sep-18,Single Adult,35,466,5234,0,0,2514,2266,452,3820,1378
Sep-18,Non-refugees,39,556,6037,449,845,2177,2124,442,4039,1928
Oct-18,All Population,68,1022,9144,1609,1180,3403,2475,477,5609,3448
Oct-18,Chronic,12,435,2868,299,370,858,1058,283,1819,1010
Oct-18,Refugees,17,494,3142,1151,330,1261,372,28,1596,1534
Oct-18,Families,21,462,3053,1605,276,917,239,16,1278,1775
Oct-18,Youth,13,114,902,0,902,0,0,0,524,333
Oct-18,Single Adult,34,446,5189,0,0,2486,2236,461,3807,1340
Oct-18,Non-refugees,51,528,6002,458,850,2142,2103,449,4013,1914
Nov-18,All Population,79,1308,9557,1656,1190,3603,2633,475,5899,3556
Nov-18,Chronic,15,329,2840,286,368,842,1074,270,1822,981
Nov-18,Refugees,21,653,3249,1186,341,1301,392,29,1663,1576
Nov-18,Families,22,583,3153,1652,285,942,258,16,1334,1817
Nov-18,Youth,7,106,903,0,903,0,0,0,535,320
Nov-18,Single Adult,50,619,5501,0,0,2661,2375,459,4030,1419
Nov-18,Non-refugees,58,655,6308,470,849,2302,2241,446,4236,1980
Dec-18,All Population,68,1152,9782,1708,1207,3717,2694,456,6046,3636
Dec-18,Chronic,10,370,2906,292,371,867,1100,276,1860,1009
Dec-18,Refugees,19,593,3294,1213,357,1304,392,28,1676,1608
Dec-18,Families,19,603,3258,1708,300,980,255,15,1381,1876
Dec-18,Youth,12,97,906,0,906,0,0,0,544,317
Dec-18,Single Adult,37,452,5618,0,0,2737,2439,441,4121,1443
Dec-18,Non-refugees,49,559,6488,495,850,2413,2302,428,4370,2028
Jan-19,All Population,67,1106,10029,1738,1264,3768,2786,473,6183,3740
Jan-19,Chronic,11,532,3053,369,394,889,1123,278,1937,1076
Jan-19,Refugees,19,507,3309,1217,382,1258,422,30,1676,1620
Jan-19,Families,15,487,3197,1672,313,939,259,14,1352,1843
Jan-19,Youth,13,111,950,0,950,0,0,0,567,339
Jan-19,Single Adult,39,508,5882,0,0,2829,2527,459,4264,1558
Jan-19,Non-refugees,48,599,6720,521,882,2510,2364,443,4507,2120
Feb-19,All Population,63,1021,9982,1676,1233,3756,2833,484,6125,3750
Feb-19,Chronic,14,388,3083,379,394,888,1147,275,1956,1087
Feb-19,Refugees,15,499,3202,1179,348,1229,412,34,1593,1597
Feb-19,Families,6,456,3104,1602,298,935,253,16,1304,1798
Feb-19,Youth,10,108,935,0,935,0,0,0,547,342
Feb-19,Single Adult,47,457,5943,0,0,2821,2580,468,4274,1610
Feb-19,Non-refugees,48,522,6780,497,885,2527,2421,450,4532,2153
Mar-19,All Population,58,1162,10043,1687,1238,3806,2833,479,6161,3773
Mar-19,Chronic,12,551,3287,441,412,959,1191,284,2066,1182
Mar-19,Refugees,9,573,3171,1182,339,1213,406,31,1587,1571
Mar-19,Families,3,551,3106,1614,292,930,253,17,1293,1812
Mar-19,Youth,15,126,945,0,945,0,0,0,560,338
Mar-19,Single Adult,40,485,5992,0,0,2876,2580,462,4308,1623
Mar-19,Non-refugees,49,589,6872,505,899,2593,2427,448,4574,2202
Apr-19,All Population,86,1121,10142,1730,1243,3814,2869,486,6230,3807
Apr-19,Chronic,18,409,3308,431,408,977,1208,284,2075,1193
Apr-19,Refugees,29,567,3219,1208,330,1221,430,30,1605,1600
Apr-19,Families,31,541,3182,1650,292,956,268,16,1335,1846
Apr-19,Youth,15,107,951,0,951,0,0,0,571,333
Apr-19,Single Adult,40,473,6009,0,0,2858,2601,470,4324,1628
Apr-19,Non-refugees,57,554,6923,522,913,2593,2439,456,4625,2207
May-19,All Population,94,1221,10184,1772,1225,3877,2813,497,6246,3833
May-19,Chronic,30,459,3382,461,406,1002,1221,292,2110,1230
May-19,Refugees,22,613,3323,1248,328,1284,433,30,1676,1634
May-19,Families,16,525,3267,1703,274,997,277,16,1397,1869
May-19,Youth,21,157,950,0,950,0,0,0,563,338
May-19,Single Adult,57,539,5967,0,0,2880,2536,481,4286,1626
May-19,Non-refugees,72,608,6861,524,897,2593,2380,467,4570,2199
Jun-19,All Population,73,1057,10100,1725,1270,3909,2707,489,6189,3812
Jun-19,Chronic,15,436,3388,484,393,1014,1200,297,2105,1246
Jun-19,Refugees,16,554,3392,1241,352,1339,431,29,1714,1663
Jun-19,Families,12,365,3156,1654,272,953,262,15,1347,1808
Jun-19,Youth,18,151,998,0,998,0,0,0,585,367
Jun-19,Single Adult,43,541,5946,0,0,2956,2445,474,4257,1637
Jun-19,Non-refugees,57,503,6708,484,918,2570,2276,460,4475,2149
Jul-19,All Population,63,1037,9558,1657,1246,3646,2547,462,5854,3613
Jul-19,Chronic,13,366,3314,439,403,985,1190,297,2080,1194
Jul-19,Refugees,8,564,3286,1187,341,1303,430,25,1695,1580
Jul-19,Families,7,457,3007,1586,260,894,254,13,1303,1703
Jul-19,Youth,20,128,984,0,984,0,0,0,594,347
Jul-19,Single Adult,36,452,5567,0,0,2752,2293,449,3957,1563
Jul-19,Non-refugees,55,473,6272,470,905,2343,2117,437,4159,2033
Aug-19,All Population,60,1058,9322,1607,1220,3505,2522,468,5684,3549
Aug-19,Chronic,12,381,3336,425,396,1001,1212,302,2084,1213
Aug-19,Refugees,11,547,3153,1118,350,1239,420,26,1589,1554
Aug-19,Families,3,467,2900,1528,258,856,246,12,1229,1670
Aug-19,Youth,17,133,961,0,961,0,0,0,570,349
Aug-19,Single Adult,40,458,5461,0,0,2649,2276,456,3885,1530
Aug-19,Non-refugees,49,511,6169,489,870,2266,2102,442,4095,1995
Sep-19,All Population,81,1115,9141,1559,1256,3380,2482,464,5574,3484
Sep-19,Chronic,14,408,3299,423,398,989,1200,289,2053,1207
Sep-19,Refugees,21,636,3094,1057,380,1205,423,29,1565,1519
Sep-19,Families,31,533,2817,1471,266,827,241,12,1193,1624
Sep-19,Youth,15,133,989,0,989,0,0,0,582,371
Sep-19,Single Adult,35,449,5335,0,0,2553,2241,452,3799,1489
Sep-19,Non-refugees,60,479,6047,502,876,2175,2059,435,4009,1965
Oct-19,All Population,69,1038,9206,1549,1219,3443,2524,471,5652,3466
Oct-19,Chronic,11,321,3275,407,384,967,1223,294,2054,1178
Oct-19,Refugees,3,559,3189,1075,378,1266,442,28,1619,1559
Oct-19,Families,6,424,2775,1464,244,829,227,11,1182,1593
Oct-19,Youth,13,114,975,0,975,0,0,0,572,366
Oct-19,Single Adult,50,500,5456,0,0,2614,2297,460,3898,1507
Oct-19,Non-refugees,66,479,6017,474,841,2177,2082,443,4033,1907
Nov-19,All Population,82,1036,9457,1475,1185,3646,2658,493,5834,3530
Nov-19,Chronic,12,379,3320,390,390,1019,1222,299,2093,1184
Nov-19,Refugees,21,463,3133,1021,359,1277,452,24,1574,1549
Nov-19,Families,20,346,2638,1395,226,796,211,10,1081,1557
Nov-19,Youth,11,104,957,0,957,0,0,0,572,350
Nov-19,Single Adult,51,586,5862,0,0,2850,2447,483,4181,1623
Nov-19,Non-refugees,61,573,6324,454,826,2369,2206,469,4260,1981
Dec-19,All Population,77,1152,9914,1480,1216,3887,2815,516,6102,3712
Dec-19,Chronic,15,413,3459,396,418,1081,1260,304,2173,1242
Dec-19,Refugees,20,584,3229,1034,377,1321,472,25,1602,1616
Dec-19,Families,14,455,2661,1401,232,800,218,10,1078,1583
Dec-19,Youth,15,107,983,0,983,0,0,0,585,360
Dec-19,Single Adult,48,590,6270,0,0,3087,2597,506,4439,1769
Dec-19,Non-refugees,57,568,6685,446,839,2566,2343,491,4500,2096
Jan-20,All Population,64,901,9916,1440,1227,3893,2852,504,6083,3737
Jan-20,Chronic,12,412,3471,429,432,1096,1205,307,2186,1245
Jan-20,Refugees,15,407,2941,969,341,1177,427,27,1403,1528
Jan-20,Families,15,345,2706,1438,238,790,231,9,1083,1623
Jan-20,Youth,8,103,987,0,987,0,0,0,584,364
Jan-20,Single Adult,41,453,6223,0,0,3103,2621,495,4416,1750
Jan-20,Non-refugees,49,494,6975,471,886,2716,2425,477,4680,2209
Feb-20,All Population,76,959,9834,1434,1185,3909,2795,511,6035,3695
Feb-20,Chronic,13,398,3412,405,435,1029,1251,309,2148,1204
Feb-20,Refugees,19,422,2902,961,334,1174,407,26,1381,1514
Feb-20,Families,21,415,2686,1434,226,798,219,9,1077,1609
Feb-20,Youth,4,90,957,0,957,0,0,0,567,354
Feb-20,Single Adult,51,454,6191,0,0,3111,2576,502,4391,1732
Feb-20,Non-refugees,57,537,6932,473,851,2735,2388,485,4654,2181
Mar-20,All Population,89,900,9680,1380,1135,3854,2805,506,5965,3606
Mar-20,Chronic,12,457,3467,424,441,1057,1230,315,2187,1238
Mar-20,Refugees,28,329,2787,896,319,1134,412,26,1350,1430
Mar-20,Families,27,370,2636,1379,230,779,238,10,1102,1534
Mar-20,Youth,12,96,905,0,905,0,0,0,535,338
Mar-20,Single Adult,50,434,6139,0,0,3075,2567,496,4328,1734
Mar-20,Non-refugees,61,571,6893,484,816,2720,2393,480,4615,2176
Apr-20,All Population,67,469,8935,1234,1050,3518,2644,489,5507,3330
Apr-20,Chronic,21,428,3467,384,454,1089,1224,317,2212,1212
Apr-20,Refugees,15,100,2452,767,282,1006,376,21,1186,1260
Apr-20,Families,17,187,2514,1226,223,764,278,23,1080,1431
Apr-20,Youth,8,52,828,0,827,0,0,0,495,307
Apr-20,Single Adult,42,230,5593,0,0,2754,2366,466,3932,1592
Apr-20,Non-refugees,52,369,6483,467,768,2512,2268,468,4321,2070
May-20,All Population,57,390,8207,1093,964,3151,2523,476,5056,3051
May-20,Chronic,22,452,3549,393,449,1143,1239,325,2262,1246
May-20,Refugees,9,66,2172,684,259,861,345,23,1066,1099
May-20,Families,15,123,2217,1037,193,669,284,34,984,1228
May-20,Youth,11,44,769,0,769,0,0,0,453,291
May-20,Single Adult,31,223,5221,0,0,2482,2239,442,3619,1532
May-20,Non-refugees,48,324,6035,409,705,2290,2178,453,3990,1952
Jun-20,All Population,48,368,7668,993,889,2939,2381,466,4747,2822
Jun-20,Chronic,19,450,3615,414,448,1161,1260,332,2310,1266
Jun-20,Refugees,12,43,1917,599,229,760,302,27,961,945
Jun-20,Families,12,133,2089,961,187,622,279,40,940,1144
Jun-20,Youth,11,45,701,0,701,0,0,0,413,259
Jun-20,Single Adult,25,190,4878,0,0,2317,2102,426,3394,1419
Jun-20,Non-refugees,36,325,5751,394,660,2179,2079,439,3786,1877
Jul-20,All Population,87,552,7552,911,878,2962,2331,470,4690,2760
Jul-20,Chronic,27,414,3598,415,439,1135,1279,330,2311,1249
Jul-20,Refugees,22,59,1643,498,209,640,270,26,828,804
Jul-20,Families,29,164,1951,897,176,591,250,37,865,1080
Jul-20,Youth,14,55,693,0,693,0,0,0,403,261
Jul-20,Single Adult,44,333,4908,0,0,2371,2081,433,3422,1419
Jul-20,Non-refugees,65,493,5909,413,669,2322,2061,444,3862,1956
Aug-20,All Population,89,628,7580,879,891,3011,2336,463,4707,2766
Aug-20,Chronic,21,504,3835,440,446,1261,1367,321,2436,1352
Aug-20,Refugees,28,79,1487,449,191,580,243,24,757,718
Aug-20,Families,23,213,1881,872,186,566,226,31,831,1045
Aug-20,Youth,18,81,697,0,697,0,0,0,409,261
Aug-20,Single Adult,48,334,5002,0,0,2445,2110,432,3467,1460
Aug-20,Non-refugees,61,549,6093,430,700,2431,2093,439,3950,2048
Sep-20,All Population,82,595,7572,806,895,2988,2390,493,4709,2757
Sep-20,Chronic,11,374,3776,377,411,1255,1399,334,2431,1299
Sep-20,Refugees,19,64,1412,381,191,568,246,26,755,642
Sep-20,Families,16,217,1615,803,175,476,150,11,662,952
Sep-20,Youth,14,87,713,0,713,0,0,0,427,267
Sep-20,Single Adult,52,291,5244,0,0,2512,2240,482,3620,1538
Sep-20,Non-refugees,63,531,6160,425,704,2420,2144,467,3954,2115
Oct-20,All Population,88,636,7506,764,891,2904,2429,518,4721,2679
Oct-20,Chronic,24,296,3695,301,382,1242,1416,354,2418,1232
Oct-20,Refugees,22,49,1215,305,170,497,220,23,652,550
Oct-20,Families,25,210,1463,735,169,412,136,11,587,875
Oct-20,Youth,14,95,720,0,720,0,0,0,433,265
Oct-20,Single Adult,49,331,5323,0,0,2492,2293,507,3701,1539
Oct-20,Non-refugees,66,587,6291,459,721,2407,2209,495,4069,2129
Nov-20,All Population,53,598,7586,710,889,3001,2482,504,4814,2663
Nov-20,Chronic,12,209,3552,238,365,1172,1429,348,2358,1146
Nov-20,Refugees,6,50,1096,258,163,455,202,18,600,483
Nov-20,Families,9,186,1359,679,174,369,131,6,553,806
Nov-20,Youth,11,69,714,0,714,0,0,0,431,260
Nov-20,Single Adult,33,343,5513,0,0,2632,2351,498,3830,1597
Nov-20,Non-refugees,47,548,6490,452,726,2546,2280,486,4214,2180
Dec-20,All Population,91,621,7741,661,887,3090,2566,537,4977,2649
Dec-20,Chronic,20,212,3533,205,357,1180,1436,355,2353,1128
Dec-20,Refugees,28,61,1024,226,160,423,195,20,570,442
Dec-20,Families,23,161,1288,633,158,355,133,9,537,751
Dec-20,Youth,16,80,729,0,729,0,0,0,440,264
Dec-20,Single Adult,52,380,5724,0,0,2735,2433,528,4000,1634
Dec-20,Non-refugees,63,560,6717,435,727,2667,2371,517,4407,2207
Jan-21,All Population,84,647,7829,619,892,3165,2607,546,5037,2662
Jan-21,Chronic,16,303,3550,203,342,1194,1452,359,2349,1143
Jan-21,Refugees,13,66,995,219,153,406,201,16,564,418
Jan-21,Families,16,158,1239,601,147,351,130,10,510,729
Jan-21,Youth,12,89,752,0,752,0,0,0,448,273
Jan-21,Single Adult,56,400,5838,0,0,2814,2477,536,4079,1660
Jan-21,Non-refugees,71,581,6834,400,739,2759,2406,530,4473,2244
Jan-21,Indigenous,11,41,895,6,96,494,274,25,540,320
Feb-21,All Population,88,590,7871,609,884,3226,2599,553,5079,2650
Feb-21,Chronic,21,286,3601,220,332,1214,1467,368,2382,1158
Feb-21,Refugees,13,68,996,223,148,408,200,17,562,421
Feb-21,Families,17,149,1221,590,139,348,134,10,513,708
Feb-21,Youth,15,87,743,0,743,0,0,0,439,268
Feb-21,Single Adult,56,354,5907,0,0,2878,2465,543,4127,1674
Feb-21,Non-refugees,75,522,6875,386,736,2818,2399,536,4517,2229
Feb-21,Indigenous,8,49,927,5,100,526,266,30,554,335
Mar-21,All Population,71,539,7745,584,863,3186,2573,539,4996,2593
Mar-21,Chronic,18,295,3615,222,320,1234,1478,361,2389,1165
Mar-21,Refugees,12,47,961,227,141,384,194,15,545,406
Mar-21,Families,12,113,1165,570,127,340,121,7,485,679
Mar-21,Youth,20,92,735,0,735,0,0,0,433,258
Mar-21,Single Adult,39,334,5845,0,0,2846,2452,532,4078,1656
Mar-21,Non-refugees,59,492,6784,357,722,2802,2379,524,4451,2187
Mar-21,Indigenous,7,39,912,3,99,513,267,30,537,333
Apr-21,All Population,69,480,7516,573,906,3010,2499,528,4784,2570
Apr-21,Chronic,16,283,3627,217,312,1244,1498,356,2388,1177
Apr-21,Refugees,16,41,939,223,145,374,182,15,534,395
Apr-21,Families,16,132,1157,559,134,332,125,7,485,671
Apr-21,Youth,15,95,771,0,771,0,0,0,446,276
Apr-21,Single Adult,38,253,5588,0,0,2678,2374,521,3853,1623
Apr-21,Non-refugees,53,439,6577,350,761,2636,2317,513,4250,2175
Apr-21,Indigenous,7,37,861,4,94,483,251,29,501,318
May-21,All Population,78,626,7575,569,901,3083,2492,530,4816,2607
May-21,Chronic,16,346,3739,230,308,1318,1520,363,2451,1224
May-21,Refugees,10,43,939,220,144,376,182,17,534,396
May-21,Families,11,152,1173,562,132,343,126,10,486,686
May-21,Youth,23,87,769,0,769,0,0,0,452,271
May-21,Single Adult,44,387,5633,0,0,2740,2366,520,3878,1650
May-21,Non-refugees,68,583,6636,349,757,2707,2310,513,4282,2211
May-21,Indigenous,7,66,888,7,94,502,257,28,501,349
Jun-21,All Population,98,719,8037,618,979,3295,2594,551,5101,2775
Jun-21,Chronic,13,320,3840,226,326,1354,1563,371,2521,1252
Jun-21,Refugees,16,105,998,244,152,390,196,16,549,439
Jun-21,Families,28,227,1276,611,152,360,144,9,527,747
Jun-21,Youth,16,102,826,0,826,0,0,0,484,294
Jun-21,Single Adult,54,390,5935,0,0,2935,2450,542,4090,1734
Jun-21,Non-refugees,82,614,7039,374,827,2905,2398,535,4552,2336
Jun-21,Indigenous,13,45,936,3,104,524,279,26,541,355
Jul-21,All Population,87,740,8322,673,972,3430,2682,565,5274,2889
Jul-21,Chronic,20,302,3904,247,317,1381,1578,381,2565,1270
Jul-21,Refugees,14,70,1014,258,150,390,198,18,556,446
Jul-21,Families,19,206,1356,671,143,385,145,12,553,803
Jul-21,Youth,8,97,829,0,829,0,0,0,492,288
Jul-21,Single Adult,60,437,6137,0,0,3045,2537,553,4229,1798
Jul-21,Non-refugees,73,670,7308,415,822,3040,2484,547,4718,2443
Jul-21,Indigenous,13,58,972,5,108,536,300,23,561,370
Aug-21,All Population,104,685,8479,701,972,3524,2701,581,5368,2958
Aug-21,Chronic,17,308,3915,237,340,1386,1565,387,2571,1274
Aug-21,Refugees,24,54,995,254,143,386,191,21,541,444
Aug-21,Families,26,170,1378,686,147,397,134,14,564,812
Aug-21,Youth,12,95,823,0,823,0,0,0,481,294
Aug-21,Single Adult,66,420,6278,0,0,3127,2567,567,4323,1852
Aug-21,Non-refugees,80,631,7484,447,829,3138,2510,560,4827,2514
Aug-21,Indigenous,15,41,1002,5,114,554,302,27,586,373
Sep-21,All Population,101,832,8760,787,1011,3588,2781,593,5524,3083
Sep-21,Chronic,26,259,3958,230,347,1418,1572,391,2600,1286
Sep-21,Refugees,16,185,1149,312,161,454,199,23,613,525
Sep-21,Families,28,299,1548,772,168,445,149,14,631,915
Sep-21,Youth,13,98,842,0,842,0,0,0,495,297
Sep-21,Single Adult,60,435,6370,0,0,3143,2632,579,4398,1871
Sep-21,Non-refugees,85,647,7611,475,850,3134,2582,570,4911,2558
Sep-21,Indigenous,13,53,1026,8,122,554,310,32,599,379
Oct-21,All Population,80,850,8992,847,1052,3665,2833,595,5665,3175
Oct-21,Chronic,15,289,4010,237,362,1424,1587,400,2630,1307
Oct-21,Refugees,15,210,1301,364,182,519,211,25,691,599
Oct-21,Families,18,271,1700,839,190,486,169,16,703,996
Oct-21,Youth,13,109,861,0,861,0,0,0,508,301
Oct-21,Single Adult,49,470,6431,0,0,3179,2664,579,4454,1878
Oct-21,Non-refugees,65,640,7691,483,870,3146,2622,570,4974,2576
Oct-21,Indigenous,10,59,1053,6,134,573,308,32,628,381
Nov-21,All Population,77,783,9199,849,1060,3753,2921,616,5815,3235
Nov-21,Chronic,17,379,4131,231,371,1486,1620,423,2704,1348
Nov-21,Refugees,17,214,1349,362,187,556,222,22,715,624
Nov-21,Families,14,237,1754,846,205,505,179,19,727,1026
Nov-21,Youth,19,80,855,0,855,0,0,0,492,310
Nov-21,Single Adult,44,466,6590,0,0,3248,2742,597,4596,1899
Nov-21,Non-refugees,60,569,7850,487,873,3197,2699,594,5100,2611
Nov-21,Indigenous,7,45,1070,6,122,573,337,32,644,381
Dec-21,All Population,52,806,9255,901,1054,3733,2930,637,5813,3294
Dec-21,Chronic,11,376,4258,269,385,1507,1663,434,2755,1420
Dec-21,Refugees,10,286,1530,415,204,641,247,23,798,718
Dec-21,Families,7,262,1827,888,200,536,183,20,760,1065
Dec-21,Youth,9,99,850,0,850,0,0,0,480,315
Dec-21,Single Adult,36,445,6578,0,0,3197,2747,617,4573,1914
Dec-21,Non-refugees,42,520,7725,486,850,3092,2683,614,5015,2576
Dec-21,Indigenous,4,35,1043,5,126,545,335,32,624,374
Jan-22,All Population,85,741,9410,909,1055,3807,2987,652,5897,3346
Jan-22,Chronic,27,359,4365,283,385,1561,1686,450,2810,1466
Jan-22,Refugees,14,269,1726,470,229,725,275,27,895,816
Jan-22,Families,11,177,1861,896,204,556,185,20,765,1095
Jan-22,Youth,19,91,851,0,851,0,0,0,479,310
Jan-22,Single Adult,55,473,6698,0,0,3251,2802,632,4653,1941
Jan-22,Non-refugees,71,472,7684,439,826,3082,2712,625,5002,2530
Jan-22,Indigenous,13,54,1098,5,127,577,354,35,666,380
Feb-22,All Population,87,780,9559,920,1096,3843,3045,655,6002,3393
Feb-22,Chronic,25,372,4508,314,388,1603,1754,449,2912,1508
Feb-22,Refugees,22,240,1833,487,261,758,299,28,959,858
Feb-22,Families,11,238,1904,912,213,569,192,18,783,1120
Feb-22,Youth,13,104,882,0,882,0,0,0,488,330
Feb-22,Single Adult,63,438,6773,0,0,3274,2853,637,4731,1943
Feb-22,Non-refugees,65,540,7726,433,835,3085,2746,627,5043,2535
Feb-22,Indigenous,15,57,1159,6,134,614,368,37,712,397
Mar-22,All Population,101,954,9933,1012,1165,3991,3104,661,6187,3584
Mar-22,Chronic,18,468,4686,345,417,1640,1836,448,2998,1598
Mar-22,Refugees,27,421,2099,582,312,837,337,31,1082,1003
Mar-22,Families,30,404,2115,1006,248,622,221,18,886,1226
Mar-22,Youth,16,108,913,0,913,0,0,0,511,342
Mar-22,Single Adult,55,442,6905,0,0,3369,2883,643,4790,2016
Mar-22,Non-refugees,74,533,7834,430,853,3154,2767,630,5105,2581
Mar-22,Indigenous,10,52,1193,6,140,647,358,42,724,415
Apr-22,All Population,77,718,9913,1053,1175,3919,3104,662,6173,3585
Apr-22,Chronic,12,415,4778,364,441,1666,1870,437,3044,1645
Apr-22,Refugees,7,309,2263,631,333,885,381,33,1169,1079
Apr-22,Families,17,279,2208,1045,267,644,235,17,947,1258
Apr-22,Youth,9,91,908,0,908,0,0,0,503,351
Apr-22,Single Adult,51,348,6797,0,0,3275,2869,645,4723,1976
Apr-22,Non-refugees,70,409,7650,422,842,3034,2723,629,5004,2506
Apr-22,Indigenous,15,27,1153,3,121,643,343,43,708,394
May-22,All Population,82,740,9732,1073,1180,3757,3057,665,6004,3580
May-22,Chronic,9,471,4885,392,478,1653,1905,457,3090,1709
May-22,Refugees,23,285,2379,655,355,929,402,38,1243,1126
May-22,Families,23,226,2260,1064,272,658,247,19,977,1282
May-22,Youth,10,91,907,0,907,0,0,0,499,353
May-22,Single Adult,49,423,6565,0,0,3099,2810,646,4528,1945
May-22,Non-refugees,59,455,7353,418,825,2828,2655,627,4761,2454
May-22,Indigenous,6,44,1130,3,122,615,352,38,689,396
Jun-22,All Population,81,779,9752,1091,1193,3780,3014,674,5966,3636
Jun-22,Chronic,17,395,4916,415,482,1659,1896,464,3105,1716
Jun-22,Refugees,20,285,2449,675,360,977,398,39,1281,1156
Jun-22,Families,9,252,2218,1052,261,655,231,19,963,1253
Jun-22,Youth,16,100,932,0,932,0,0,0,501,375
Jun-22,Single Adult,56,427,6602,0,0,3125,2783,655,4502,2008
Jun-22,Non-refugees,61,494,7303,416,833,2803,2616,635,4685,2480
Jun-22,Indigenous,9,42,1103,3,125,590,352,33,652,410
Jul-22,All Population,74,814,9768,1125,1165,3830,2974,674,5920,3701
Jul-22,Chronic,10,388,4901,408,495,1634,1888,476,3094,1715
Jul-22,Refugees,16,396,2638,696,374,1113,416,39,1362,1264
Jul-22,Families,19,262,2274,1088,265,668,234,19,971,1301
Jul-22,Youth,10,77,899,0,899,0,0,0,481,366
Jul-22,Single Adult,45,475,6595,0,0,3162,2740,655,4468,2034
Jul-22,Non-refugees,58,418,7130,429,791,2717,2558,635,4558,2437
Jul-22,Indigenous,8,24,1034,2,118,554,324,36,607,388
Aug-22,All Population,82,797,9724,1114,1156,3837,2942,675,5917,3658
Aug-22,Chronic,20,381,4899,388,511,1638,1885,477,3087,1723
Aug-22,Refugees,21,452,2813,699,379,1252,445,38,1465,1333
Aug-22,Families,28,256,2257,1078,252,674,235,18,980,1275
Aug-22,Youth,4,97,904,0,904,0,0,0,485,361
Aug-22,Single Adult,50,444,6563,0,0,3163,2707,657,4452,2022
Aug-22,Non-refugees,61,345,6911,415,777,2585,2497,637,4452,2325
Aug-22,Indigenous,6,28,971,3,116,512,307,33,580,354
Sep-22,All Population,73,791,9690,1126,1158,3815,2939,652,5855,3688
Sep-22,Chronic,15,502,4978,442,527,1659,1880,470,3131,1755
Sep-22,Refugees,21,366,2976,702,413,1359,460,42,1522,1437
Sep-22,Families,14,236,2221,1095,244,648,218,16,939,1280
Sep-22,Youth,8,104,914,0,914,0,0,0,496,358
Sep-22,Single Adult,51,451,6555,0,0,3167,2721,636,4420,2050
Sep-22,Non-refugees,52,425,6714,424,745,2456,2479,610,4333,2251
Sep-22,Indigenous,7,42,915,2,111,466,305,31,548,335
Oct-22,All Population,49,733,9622,1155,1132,3845,2860,630,5810,3662
Oct-22,Chronic,8,409,4926,426,520,1652,1860,468,3103,1730
Oct-22,Refugees,13,403,3109,728,425,1443,468,45,1600,1491
Oct-22,Families,10,319,2260,1132,242,648,221,17,948,1310
Oct-22,Youth,7,65,889,0,889,0,0,0,479,349
Oct-22,Single Adult,32,349,6473,0,0,3197,2639,613,4383,2003
Oct-22,Non-refugees,36,330,6513,427,707,2402,2392,585,4210,2171
Oct-22,Indigenous,5,27,895,2,106,465,294,28,536,328
Nov-22,All Population,56,722,9711,1134,1139,3930,2882,626,5904,3662
Nov-22,Chronic,11,381,4898,391,516,1655,1864,472,3100,1707
Nov-22,Refugees,15,368,3185,717,437,1495,489,47,1656,1512
Nov-22,Families,5,270,2255,1117,248,641,231,18,949,1304
Nov-22,Youth,9,88,889,0,889,0,0,0,492,338
Nov-22,Single Adult,42,364,6567,0,0,3289,2651,608,4463,2020
Nov-22,Non-refugees,41,354,6526,417,702,2435,2393,579,4248,2150
Nov-22,Indigenous,7,32,897,2,97,474,299,25,549,321
Dec-22,All Population,93,1226,10408,1273,1234,4286,2994,621,6337,3919
Dec-22,Chronic,19,414,4895,379,518,1687,1843,468,3088,1720
Dec-22,Refugees,31,605,3530,803,497,1677,507,46,1869,1643
Dec-22,Families,27,554,2529,1251,290,744,227,17,1082,1445
Dec-22,Youth,12,123,936,0,936,0,0,0,523,353
Dec-22,Single Adult,54,549,6943,0,0,3542,2767,604,4732,2121
Dec-22,Non-refugees,62,621,6878,470,737,2609,2487,575,4468,2276
Dec-22,Indigenous,8,52,978,3,99,523,321,32,606,339
Jan-23,All Population,75,813,10702,1272,1242,4494,3082,612,6511,4018
Jan-23,Chronic,8,556,5015,387,501,1811,1859,457,3140,1784
Jan-23,Refugees,16,339,3575,795,502,1720,518,40,1914,1641
Jan-23,Families,22,220,2508,1245,281,743,223,16,1068,1437
Jan-23,Youth,13,103,959,0,959,0,0,0,538,354
Jan-23,Single Adult,40,490,7235,0,0,3751,2859,596,4905,2227
Jan-23,Non-refugees,59,474,7127,477,740,2774,2564,572,4597,2377
Jan-23,Indigenous,10,44,1018,2,99,558,326,33,627,353
Feb-23,All Population,73,865,10849,1231,1233,4645,3136,604,6638,4030
Feb-23,Chronic,16,416,5001,373,477,1859,1855,437,3146,1761
Feb-23,Refugees,20,382,3592,759,517,1752,526,38,1954,1618
Feb-23,Families,11,255,2458,1213,268,741,219,17,1056,1400
Feb-23,Youth,13,110,963,0,963,0,0,0,543,353
Feb-23,Single Adult,49,500,7428,0,0,3904,2917,587,5039,2277
Feb-23,Non-refugees,53,483,7257,472,716,2893,2610,566,4684,2412
Feb-23,Indigenous,8,48,1067,2,99,603,336,27,661,364
Mar-23,All Population,79,801,10811,1237,1237,4649,3083,605,6614,4017
Mar-23,Chronic,14,463,5091,380,488,1916,1867,440,3196,1805
Mar-23,Refugees,27,377,3633,764,537,1773,516,43,1981,1630
Mar-23,Families,13,292,2475,1224,265,763,206,17,1055,1419
Mar-23,Youth,9,106,971,0,971,0,0,0,543,367
Mar-23,Single Adult,57,403,7365,0,0,3886,2877,588,5016,2231
Mar-23,Non-refugees,52,424,7178,473,700,2876,2567,562,4633,2387
Mar-23,Indigenous,11,38,1078,4,109,596,339,30,661,376
Apr-23,All Population,66,766,10515,1225,1249,4496,2945,600,6426,3912
Apr-23,Chronic,17,440,5017,394,482,1882,1812,447,3159,1775
Apr-23,Refugees,17,409,3663,779,571,1768,506,39,2001,1641
Apr-23,Families,16,245,2432,1215,261,746,199,11,1041,1389
Apr-23,Youth,7,103,986,0,986,0,0,0,550,373
Apr-23,Single Adult,43,418,7097,0,0,3750,2746,589,4835,2150
Apr-23,Non-refugees,49,357,6852,446,678,2728,2439,561,4425,2271
Apr-23,Indigenous,6,23,1023,6,107,566,312,32,628,353
May-23,All Population,68,1132,10453,1242,1272,4494,2845,600,6396,3891
May-23,Chronic,14,443,4917,392,472,1832,1778,443,3107,1729
May-23,Refugees,19,764,3914,779,635,1942,519,39,2187,1708
May-23,Families,21,401,2458,1230,257,764,194,13,1063,1393
May-23,Youth,4,166,1015,0,1015,0,0,0,577,384
May-23,Single Adult,43,565,6980,0,0,3730,2651,587,4756,2114
May-23,Non-refugees,49,368,6539,463,637,2552,2326,561,4209,2183
May-23,Indigenous,4,26,972,9,94,543,295,31,601,333
Jun-23,All Population,47,899,10418,1282,1310,4471,2781,574,6331,3934
Jun-23,Chronic,8,648,5111,528,511,1859,1775,438,3195,1836
Jun-23,Refugees,18,576,4171,780,683,2109,562,37,2335,1817
Jun-23,Families,9,287,2554,1272,277,783,208,14,1124,1429
Jun-23,Youth,7,114,1033,0,1033,0,0,0,589,393
Jun-23,Single Adult,31,498,6831,0,0,3688,2573,560,4618,2112
Jun-23,Non-refugees,29,323,6247,502,627,2362,2219,537,3996,2117
Jun-23,Indigenous,5,27,855,10,80,480,259,26,533,292
Jul-23,All Population,34,599,10110,1279,1314,4339,2626,552,6058,3910
Jul-23,Chronic,12,427,5145,559,530,1899,1729,428,3198,1863
Jul-23,Refugees,12,389,4354,787,720,2225,585,37,2398,1934
Jul-23,Families,6,133,2557,1267,284,779,213,14,1121,1434
Jul-23,Youth,4,95,1029,0,1029,0,0,0,582,399
Jul-23,Single Adult,24,371,6524,0,0,3560,2413,538,4355,2077
Jul-23,Non-refugees,22,210,5756,492,594,2114,2041,515,3660,1976
Jul-23,Indigenous,4,17,749,9,80,402,234,24,464,259
Aug-23,All Population,42,539,9988,1262,1292,4351,2550,533,5968,3892
Aug-23,Chronic,9,517,5338,619,554,2008,1739,418,3294,1962
Aug-23,Refugees,8,332,4525,782,726,2369,606,42,2512,1994
Aug-23,Families,4,86,2539,1251,281,779,213,15,1116,1422
Aug-23,Youth,4,82,1011,0,1011,0,0,0,571,395
Aug-23,Single Adult,34,371,6438,0,0,3572,2337,518,4281,2075
Aug-23,Non-refugees,34,207,5463,480,566,1982,1944,491,3456,1898
Aug-23,Indigenous,5,21,668,7,74,353,213,21,414,232
Sep-23,All Population,49,841,10212,1267,1323,4516,2571,535,6056,4022
Sep-23,Chronic,12,624,5596,727,591,2115,1740,423,3385,2125
Sep-23,Refugees,12,605,4855,799,762,2610,641,43,2668,2162
Sep-23,Families,11,200,2552,1260,283,779,215,15,1111,1440
Sep-23,Youth,3,117,1039,0,1039,0,0,0,579,413
Sep-23,Single Adult,35,524,6621,7,1,3737,2356,520,4366,2169
Sep-23,Non-refugees,37,236,5357,468,561,1906,1930,492,3388,1860
Sep-23,Indigenous,7,23,660,7,69,343,216,25,397,241
Oct-23,All Population,33,929,10111,1223,1303,4536,2518,531,6011,3957
Oct-23,Chronic,13,635,5564,717,610,2102,1705,430,3347,2131
Oct-23,Refugees,11,708,5002,806,758,2744,654,40,2783,2191
Oct-23,Families,2,330,2475,1217,279,756,209,14,1081,1393
Oct-23,Youth,10,105,1023,0,1023,0,0,0,582,391
Oct-23,Single Adult,21,494,6613,0,0,3780,2309,517,4348,2173
Oct-23,Non-refugees,22,221,5109,417,545,1792,1864,491,3228,1766
Oct-23,Indigenous,6,29,649,5,63,337,215,29,389,232
Nov-23,All Population,69,1113,10498,1264,1328,4772,2462,672,6280,4083
Nov-23,Chronic,18,729,5711,692,624,2244,1619,532,3450,2176
Nov-23,Refugees,20,808,5386,847,787,2986,710,56,3027,2330
Nov-23,Families,21,367,2525,1255,275,771,210,14,1095,1429
Nov-23,Youth,7,137,1052,0,1052,0,0,0,601,402
Nov-23,Single Adult,41,609,6921,0,0,4001,2252,658,4584,2252
Nov-23,Non-refugees,49,305,5112,417,541,1786,1752,616,3253,1753
Nov-23,Indigenous,10,26,665,8,62,335,220,40,406,233
Dec-23,All Population,53,886,10607,1264,1349,4873,2594,527,6376,4096
Dec-23,Chronic,4,634,5774,687,631,2339,1703,414,3492,2196
Dec-23,Refugees,10,621,5512,867,801,3059,750,35,3108,2378
Dec-23,Families,14,312,2522,1258,269,779,203,13,1086,1434
Dec-23,Youth,8,110,1079,0,1079,0,0,0,623,411
Dec-23,Single Adult,31,464,7006,0,0,4094,2391,514,4667,2251
Dec-23,Non-refugees,43,265,5095,397,548,1814,1844,492,3268,1718
Dec-23,Indigenous,8,18,679,9,64,340,234,32,414,238
